,Id,neg,neu,pos,compound,Date,User,Tweet,Comment,RT,Like
0,tim_cook,0.0,0.874,0.126,0.7096,2022-10-18 15:26:11+00:00,tim_cook,"We‚Äôre excited to introduce our most advanced iPad lineup yet! iPad has major updates, and M2 supercharges iPad Pro‚Äôs performance to help unleash your creativity and enhance productivity. Looking forward to seeing what our users will create! https://t.co/POT5Kd6sTM",470,897,5279
1,SnazzyQ,0.13,0.688,0.181,0.1027,2022-10-18 12:00:01+00:00,tim_cook,The possibilities are endless. #TakeNote https://t.co/msmJg865tr,747,3980,25097
2,Public_Citizen,0.336,0.664,0.0,-0.935,2022-10-13 16:17:59+00:00,SnazzyQ,"Lots of people think Tim Cook is a good, noble, caring, honest man. Those people conveniently forget that the monster forced everyone to have the ‚ÄúSongs of Innocence‚Äù U2 album in their libraries.",102,112,3072
3,matteorenzi,0.0,1.0,0.0,0.0,2022-10-10 20:22:39+00:00,SnazzyQ,"It‚Äôs hard to ignore what Steve Jobs did for Apple, but I think in most regards, Tim Cook is Apple‚Äôs best CEO and one of the best CEOs of any company‚Äîat any point in time.",225,145,4164
4,reckless,0.0,0.846,0.154,0.8126,2022-10-10 14:04:44+00:00,tim_cook,"On this Indigenous Peoples‚Äô Day, we honor the dynamic cultures, experiences, and contributions of Native communities.",357,337,4839
5,ijustine,0.0,1.0,0.0,0.0,2022-10-05 14:12:03+00:00,tim_cook,"Steve showed us all, again and again, that a great idea really can change the world. Remembering him today and always. https://t.co/LNPBYjOiLs",1178,6103,55968
6,SmuldersStefan,0.0,1.0,0.0,0.0,2022-10-04 16:49:56+00:00,Public_Citizen,"Do not trust Elon Musk.

Do not trust Jeff Bezos.

Do not trust Mark Zuckerberg.

Do not trust Tim Cook.

Do not trust Sundar Pichai. 

Do not trust the billionaires.

Do not trust Big Tech.

Regulate them. Break up Big Tech. Hold them accountable.",350,1514,6822
7,karaswisher,0.041,0.883,0.076,0.4404,2022-09-30 19:09:32+00:00,tim_cook,"What an incredible week spending time with our teams across Europe and celebrating developers, students, and creators who are leaving their mark on the world. Grazie mille team Milan ‚Äî Arrivederci! https://t.co/zCumAio2bU",223,226,4300
8,ChrisJBakke,0.0,1.0,0.0,0.0,2022-09-29 17:37:10+00:00,tim_cook,We launched the Apple Developer Academy in Naples ‚Äî our first in Europe ‚Äî to help students from all over the world learn the skills they need to enrich people‚Äôs lives. Today‚Äôs visit was a reminder of all education can inspire ‚Äî and I can‚Äôt wait to see what these students achieve. https://t.co/tLHf2o52YW,125,533,4928
9,DefenceU,0.0,0.781,0.219,0.6808,2022-09-29 15:10:02+00:00,matteorenzi,"Tim Cook, CEO di Apple, riceve la laurea honoris causa dalla Federico II. Sono  orgoglioso del lavoro insieme per portare la Apple Academy a Napoli. Perch√© questo √® il Sud che vogliamo: quello che scommette sul talento, non sul reddito. Sullo studio, non sul sussidio #RenewEurope",904,613,3998
10,JamieLightShed,0.068,0.837,0.095,0.1779,2022-09-29 14:25:15+00:00,tim_cook,"We are keeping everyone being affected by Hurricane Ian in our thoughts, and we thank the first responders for helping those in harm‚Äôs way. Apple is donating to relief efforts on the ground.",134,261,3907
11,mirimemiri,0.05,0.776,0.174,0.7506,2022-09-28 19:45:29+00:00,tim_cook,"Ciao Italia ‚Äî great to be in Naples! Thank you to sculptor Jago for inviting me to his incredible studio. Inspired by artists of the past, he uses technology to create masterpieces for generations to come. https://t.co/FAx8a1LFUb",209,592,8200
12,D4ofR,0.0,1.0,0.0,0.0,2022-09-28 17:25:40+00:00,tim_cook,"Hard to believe it‚Äôs been almost 15 years since we opened Apple Rosenstra√üe, our first store in Germany. Great to be back with the team! https://t.co/pLZoecvkZU",145,225,5958
13,MKBHD,0.0,1.0,0.0,0.0,2022-09-28 16:01:44+00:00,tim_cook,The young athletes at @FCBayern are learning critical skills both on and off the pitch. I especially enjoyed seeing how they use our products to train hard and achieve their dreams. https://t.co/mgdikZ8gVJ,119,348,6168
14,rsgnl,0.0,1.0,0.0,0.0,2022-09-28 13:15:09+00:00,tim_cook,Surfs up in Munich! It was amazing to see what local photographer Jannik Obenhoff was able to capture on iPhone 14 Pro Max at one of the only urban surfing spots in the world. https://t.co/hrDcUkr2Bj,140,296,7291
15,caslernoel,0.0,0.884,0.116,0.3612,2022-09-28 10:59:24+00:00,tim_cook,Visited our latest state-of-the-art labs in Munich this morning. This chamber is where our incredible engineers conduct some of the cellular testing done to ensure we‚Äôre optimizing for performance and connectivity. https://t.co/JKRTMa23NA,188,378,7647
16,r0unak,0.0,1.0,0.0,0.0,2022-09-28 05:05:05+00:00,tim_cook,"Schee, dass ma wieder amoi gmiadlich zamsitzn. So happy to be back to Oktoberfest. Prost! https://t.co/AcPy8ugH9v",914,1735,31154
17,MorePerfectUS,0.057,0.943,0.0,-0.4215,2022-09-27 17:50:18+00:00,tim_cook,"Thanks for the warm welcome from the team at Apple Rosenthaler Stra√üe in Berlin! Great to see German developers Flowkey, komoot, and Dogo, who are helping people all over the world learn piano, plan a hike, or train their dog ‚Äî including the very well-behaved Ninja. https://t.co/iuQ1aTYFBz",178,292,6552
18,PalmerReport,0.032,0.631,0.337,0.9628,2022-09-26 17:50:37+00:00,tim_cook,Go AFC Richmond! https://t.co/olPDEy6RhS,320,1190,21034
19,KylaInTheBurgh,0.0,0.899,0.101,0.6037,2022-09-26 14:31:49+00:00,tim_cook,It was great to spend time with our team members at Apple Brompton Road and Regent Street today. Their care and support for our customers always puts a smile on my face! https://t.co/gRisVO8bns,104,252,4784
20,EWErickson,0.037,0.775,0.188,0.8045,2022-09-26 13:19:38+00:00,tim_cook,We can‚Äôt wait to open our new offices in the iconic Battersea Power Station for so many of our team members in London early next year. It's a tribute to this incredible city and a reflection of our commitment to Apple's future in the UK. https://t.co/67M3qpaSTB,366,1703,18363
21,ighaworth,0.0,0.921,0.079,0.25,2022-09-25 20:53:58+00:00,tim_cook,L‚ÄôShanah Tovah ‚Äî a happy Rosh Hashanah to all those celebrating around the world. Here‚Äôs to a peaceful year ahead. üçØüçé,126,232,3345
22,kylegriffin1,0.07,0.809,0.121,0.34,2022-09-25 16:33:16+00:00,tim_cook,It‚Äôs good to be back in London! I really enjoyed spending time with customers and with our incredible team at Apple Covent Garden this afternoon. Thanks to everyone for the warm welcome! https://t.co/JBIQfZXfNs,201,305,7186
23,ianzelbo,0.2,0.8,0.0,-0.6418,2022-09-24 22:51:12+00:00,tim_cook,We're excited to connect with more customers in Seoul as we open Apple Jamsil in the vibrant Songpa District! üá∞üá∑üôèüèª https://t.co/9yEGjbHW1C,233,385,5306
24,matthewstoller,0.227,0.639,0.134,-0.7579,2022-09-23 23:36:09+00:00,tim_cook,"When you encounter portraiture shot by the extraordinary¬†Brigitte Lacombe on iPhone 14 Pro Max, you have to stop and stare. https://t.co/QX8Renwivu",204,309,5648
25,Carnage4Life,0.036,0.964,0.0,-0.2023,2022-09-21 00:11:48+00:00,tim_cook,"Our hearts are with all the people of Puerto Rico as they come together to rebuild once again. We will donate to assist with immediate relief and ongoing recovery efforts. To everyone still in the path of Hurricane Fiona, please stay safe.",301,436,5331
26,heydannymiranda,0.0,1.0,0.0,0.0,2022-09-16 17:16:51+00:00,tim_cook,"Great spending time with our teams and customers at Apple Fifth Avenue, Apple Upper West Side, and Apple Upper East Side. I ‚ù§Ô∏è NY! https://t.co/W1HNrt9cMm",407,606,9585
27,mmpadellan,0.0,1.0,0.0,0.0,2022-09-16 15:40:17+00:00,tim_cook,So excited for our customers to experience the magic of our latest products. A day like today has been years in the making ‚Äî thank you to everyone that‚Äôs made it possible! https://t.co/IeRPWb0Gwp,581,1044,15523
28,vladsavov,0.151,0.849,0.0,-0.1531,2022-09-13 03:51:32+00:00,tim_cook,"There must be magic on the pitch at @AFCRichmond because @TedLasso and the Diamond Dogs have done it again. Congratulations to the cast, crew, and all involved at @AppleTVPlus on your Emmy wins! https://t.co/owyZGen3RS",216,465,7370
29,yippeekiyay_dk,0.114,0.886,0.0,-0.4497,2022-09-08 18:30:53+00:00,tim_cook,There is nothing more noble than to devote your life to the service of others. We stand with the people of the UK and Commonwealth in honoring the life and dedication to duty of her Majesty Queen Elizabeth II. May she rest in peace. https://t.co/GkLpqyovlh,557,4012,39299
30,RichardGrenell,0.0,1.0,0.0,0.0,2022-09-08 04:58:00+00:00,tim_cook,Steve‚Äôs legacy lives on in the company we are and the products and services we create. The Steve Jobs Archive was created as a place to spark a sense of possibility in everyone. https://t.co/MfgMuGV8IX,289,1694,9555
31,JoJoFromJerz,0.07,0.873,0.057,-0.1531,2022-09-08 04:26:18+00:00,tim_cook,"Here‚Äôs all the big news from the Apple Event. Introducing iPhone 14 Pro, iPhone 14, Apple Watch Ultra, Apple Watch Series 8, and AirPods Pro. https://t.co/kFDeU2bdUl",675,2313,16429
32,CarlosLoret,0.0,1.0,0.0,0.0,2022-09-08 03:18:08+00:00,reckless,"""I don't hear our users asking that we put a lot of energy"" into RCS, says Tim Cook in response to a question at Code. ""I would love to convert you to an iPhone."" 

""I can't send my mom certain videos,"" says the questioner.

""Buy your mom an iPhone,"" says Tim.",255,268,2856
33,Beccamford,0.0,0.634,0.366,0.8176,2022-09-08 00:04:20+00:00,ijustine,Always great running into @tim_cook at the #AppleEvent ! https://t.co/P8FWO98cyK,202,700,22016
34,Tananai5,0.0,1.0,0.0,0.0,2022-09-07 22:01:39+00:00,tim_cook,"It was a great day at Apple Park, introducing the world to products that are essential to our daily lives and that work seamlessly together. #AppleEvent https://t.co/Bolbc5V33E",578,2144,21443
35,niravmistry,0.0,0.901,0.099,0.296,2022-09-07 13:00:32+00:00,tim_cook,Good morning! Looking forward to a stellar Apple event. https://t.co/8rwWBwX79V,1175,4091,43708
36,fitotoledano,0.0,1.0,0.0,0.0,2022-09-02 16:40:45+00:00,tim_cook,"We're thinking of the people of Jackson, Mississippi who are struggling for that most basic of necessities this summer ‚Äî clean water. Apple is donating to relief efforts on the ground aimed at distributing food and water immediately.",310,430,6857
37,FedorovMykhailo,0.054,0.793,0.153,0.6588,2022-08-31 14:21:09+00:00,tim_cook,"The floods in Pakistan and surrounding areas are devastating humanitarian disasters. Our thoughts are with those that have lost loved ones, the many displaced families, and all those affected. Apple will donate to relief and recovery efforts on the ground.",1613,6708,39548
38,DukeMBB,0.0,1.0,0.0,0.0,2022-08-25 14:02:07+00:00,SmuldersStefan,"Steve Jobs was undeniably a genius.

But Tim Cook took Apple from $153B to $3T over the last 11 years. (20x increase)
 
Here are 9 lessons from the underrated CEO: https://t.co/R7aOMbSXk9",192,1953,9512
39,RBReich,0.236,0.674,0.091,-0.6808,2022-08-23 18:25:23+00:00,karaswisher,"This will be my last session of Code after 20 years. I thought it critical to gauge the impact of the tech icon who was the very 1st interview: Steve Jobs. So, I am bringing together the trio who knew him best to discuss his lasting impact: @tim_cook @laurenepowell and Jony Ive. https://t.co/XIN7Ww9G18",159,483,5176
40,ajplus,0.087,0.913,0.0,-0.5267,2022-08-19 17:57:34+00:00,tim_cook,"The moment when sun, sand, and ocean meet. Thank you to @eoside for the stunning photo shot on iPhone 13 Pro ‚Äî a perfect image to celebrate #WorldPhotographyDay! üåÖ https://t.co/dzVFIiJNch",264,524,8394
41,VibhorChandel,0.0,0.945,0.055,0.3818,2022-08-15 04:09:46+00:00,tim_cook,"Congratulations to the incredible cast and crew behind Severance and Ted Lasso on @AppleTVPlus for winning Best Drama and Best Comedy at tonight‚Äôs Hollywood Critics Association TV Awards! Proud of the Richmond footballers and Lumon‚Äôs macrodata refiners (and their outies, too).",244,451,7069
42,Cokedupoptions,0.132,0.828,0.04,-0.4949,2022-08-01 00:41:31+00:00,tim_cook,"Our hearts are with everyone impacted by the devastating floods in Kentucky and surrounding states. To everyone in harm‚Äôs way, please stay safe. Apple will be donating to community relief and recovery efforts.",328,409,5935
43,paulg,0.268,0.666,0.067,-0.8204,2022-07-29 18:44:29+00:00,ChrisJBakke,"‚ñ´Ô∏è Evan Spiegel (dropout): stock is -31% this month

‚ñ´Ô∏è Mark Zuckerberg (dropout): stock is -3% this month

‚ñ´Ô∏è Tony Xu (has an MBA): stock is +3% this month

‚ñ´Ô∏è Tim Cook (has an MBA): stock is +17% this month

The key to bear markets is to only invest in people with MBAs.",52,97,1858
44,werderbremen,0.0,1.0,0.0,0.0,2022-07-28 18:49:28+00:00,tim_cook,"We‚Äôre excited to open Apple Brompton Road, our new store near London‚Äôs Hyde Park! üá¨üáß This beautiful store will have some incredible Today at Apple sessions, artist workshops, and AR experiences on tap for the community. https://t.co/R25GRIaoF9",249,428,4905
45,WatcherGuru,0.0,1.0,0.0,0.0,2022-07-26 14:45:30+00:00,tim_cook,"Thirty-two years ago the Americans with Disabilities Act reshaped society in profoundly important ways. At Apple, we have always believed that the best technology should be made for everyone ‚Äî and that accessibility is essential to building a more equitable world.",257,403,4006
46,austin_rief,0.153,0.847,0.0,-0.5319,2022-07-18 19:29:00+00:00,DefenceU,"The iPhone has 100 features that can help our soldiers effectively defend our land. Actually, 101 features.
Source: UkraineNow
@Apple 
@tim_cook https://t.co/dxbCiMMGn9",122,837,7063
47,TrungTPhan,0.117,0.844,0.039,-0.5859,2022-07-12 20:44:30+00:00,tim_cook,"Coding is one of the most valuable skills a person can learn. It can open new doors, jumpstart careers, and help big dreams seem like achievable goals. Everyone around the world should have an opportunity to learn how to code. https://t.co/yWfNlmQwdz",301,781,4091
48,wbardesy,0.188,0.673,0.139,-0.2732,2022-07-08 13:27:21+00:00,tim_cook,I am shocked by the loss of former Japanese prime minister Shinzo Abe. He was such an important leader and I was honored to have spent time with him. Our hearts are with his loved ones‚Äîand all of our friends in Japan.,352,3735,30764
49,seketulawan,0.0,1.0,0.0,0.0,2022-07-07 19:32:54+00:00,tim_cook,"Today, Steve was awarded the Medal of Freedom, America‚Äôs highest civilian honor. He was a visionary who challenged us to see the world not for what it is, but for what it could be. We cherish his memory and we‚Äôll continue building on his legacy. https://t.co/G6cbBdGzvY",717,4279,37383
50,brgsjks,0.0,0.796,0.204,0.5994,2022-07-04 14:06:33+00:00,tim_cook,"Happy Independence Day to everyone celebrating today!üóΩ Progress isn‚Äôt always linear but even in times of great challenge, America has prevailed thanks to our core principle that all people are created equal.",401,583,7462
51,Marchfoward,0.0,1.0,0.0,0.0,2022-06-24 13:58:08+00:00,JamieLightShed,"Apple spent $2 billion to build this office that now sits mostly empty

Can't believe Tim Cook stole WeWork's business plan like that https://t.co/Z2rQEiNvy6",298,654,10833
52,skwagwokisalive,0.05,0.95,0.0,-0.0572,2022-06-19 16:00:01+00:00,tim_cook,"Today we celebrate the wisdom, the fun, and the unfailing support of fathers everywhere. To my dad, and dads at Apple and beyond, thanks for all you do! Happy Father‚Äôs Day!",373,498,7768
53,atiqahrafain,0.155,0.845,0.0,-0.6705,2022-06-19 14:00:02+00:00,tim_cook,"This Juneteenth, as we commemorate emancipation, we celebrate the important progress we‚Äôve made as a society, and we recommit ourselves to the essential work of building a more just and equitable world.",218,310,3402
54,nanaaaharris,0.0,0.803,0.197,0.5994,2022-06-17 19:20:23+00:00,mirimemiri,"eu continuo achando que o mundo ideal s√£o fones de ouvido com cabos REMOV√çVEIS. 
Pq a√≠ voc√™ poderia usar sem fio, e se a bateria acabasse vc teria como plugar no celular 

Best of both worlds 

me contrata Tim Cook",289,6741,78497
55,ZoeSchiffer,0.0,0.936,0.064,0.34,2022-06-15 14:45:16+00:00,tim_cook,"Today marks 10 years since the announcement of DACA, which has allowed Dreamers to stay in the only home they‚Äôve ever known. We‚Äôre proud to have hundreds of Dreamers working at Apple and we‚Äôll continue to press for passage of the DREAM Act, which creates a path to citizenship.",254,396,4453
56,TheOnion,0.124,0.734,0.141,0.0772,2022-06-14 18:52:19+00:00,tim_cook,"We‚Äôre thrilled to bring @MLS to @AppleTV! Starting next year, ‚öΩÔ∏è fans around the world can watch all Major League Soccer matches in one place. https://t.co/1A0l7hS9Sr",440,934,8250
57,JonErlichman,0.0,1.0,0.0,0.0,2022-06-12 07:08:38+00:00,SnazzyQ,the main villain in the new jurassic world looks like tim cook and the headquarters is literally a ring like apple park https://t.co/bVoTKnSVAH,178,534,6130
58,iPhonedo,0.0,1.0,0.0,0.0,2022-06-10 01:25:42+00:00,tim_cook,Great visit to Apple World Trade Center! Already looking forward to my next trip to NYC. üóΩ https://t.co/8dot8OAda1,207,256,4873
59,danheld,0.0,1.0,0.0,0.0,2022-06-08 22:44:45+00:00,tim_cook,This was a great way to kick off the day! Apple Grand Central is an amazing space with a team as energetic as the city itself. Thanks to all the team members who shared your stories and for all you do for our customers! https://t.co/ezUoYia5PO,113,215,3788
60,zhusu,0.0,0.931,0.069,0.0094,2022-06-07 23:27:58+00:00,tim_cook,We‚Äôve marked so many amazing moments at Apple Fifth Avenue in the heart of New York City. It was great to be back here with the team today! https://t.co/tXrd4UmfzE,131,325,5989
61,Wealth_Theory,0.0,1.0,0.0,0.0,2022-06-07 08:12:45+00:00,D4ofR,„É©„Éº„É°„É≥Â±ã„Åã„Éó„É≠„Ç≤„Éº„Éû„Éº„Åø„Åü„ÅÑ„Å™Á´ã„Å°Êñπ„Çí„Åô„ÇãTim CookÊ∞è https://t.co/a2oOdl5wDp,30,1468,18268
62,tyler,0.0,1.0,0.0,0.0,2022-06-07 02:15:25+00:00,tim_cook,"The next generation of Apple silicon is here. M2 is ready to supercharge the MacBook Air and 13-inch MacBook Pro, but there‚Äôs so much more we announced today. Greater connectivity, customization, and capabilities. Day one done, more to come! #WWDC22 https://t.co/lwYjrJcbgH",205,1002,6778
63,BitcoinMagazine,0.0,1.0,0.0,0.0,2022-06-06 22:12:55+00:00,ijustine,üëãüèª @tim_cook hanging with everyone around the new M2 MacBook Airs! https://t.co/t822eC3MCs,92,235,8337
64,APompliano,0.0,0.814,0.186,0.5859,2022-06-06 17:00:31+00:00,MKBHD,"Tim Cook‚Äôs slo-mo cinematic walk is cool and all, but nothing will ever hit like Steve Ballmer sprint across a stage screaming ‚ÄúDEVELOPERS DEVELOPERS‚Äù at the top of his lungs. Good times

Alright let‚Äôs enjoy this keynote ü§ì",46,276,9267
65,binance,0.0,0.769,0.231,0.4588,2022-06-06 14:00:00+00:00,tim_cook,Developers assemble! It's going to be a great day! #WWDC22 https://t.co/OZvER1gIiN,493,3131,24346
66,LilMoonLambo,0.0,1.0,0.0,0.0,2022-06-06 13:03:41+00:00,rsgnl,New profile picture for @tim_cook ahead of #WWDC22 https://t.co/stdDmKARrt,31,188,3592
67,dealbook,0.0,1.0,0.0,0.0,2022-06-05 22:40:33+00:00,tim_cook,"The talented student developers I met today are going places! They let their passion for coding and creative problem-solving shine through in areas as diverse as gardening, gaming, quantum physics, and more. Never stop innovating! #WWDC22 https://t.co/M0aXPCZ6Os",160,617,7326
68,zerohedge,0.115,0.885,0.0,-0.296,2022-06-05 15:00:01+00:00,tim_cook,"Earth‚Äôs resources are finite, but our opportunities to conserve them are limitless. We‚Äôre expanding our carbon-neutral footprint to our whole supply chain and innovating constantly to leave the world better than we found it. #WorldEnvironmentDay https://t.co/GKFRZNlPSa",223,518,5633
69,SquizzSTK,0.118,0.882,0.0,-0.34,2022-06-04 14:50:46+00:00,caslernoel,"That‚Äôs like me getting hired at an Apple Store in Columbus, OH and the next day I‚Äôm texting Tim Cook.",51,626,6067
70,Canoopsy,0.0,1.0,0.0,0.0,2022-06-03 22:48:04+00:00,tim_cook,"We‚Äôve long needed comprehensive federal privacy legislation and I‚Äôm pleased to see the growing momentum behind it. At Apple, we believe privacy is a fundamental human right, and we will keep working to support the strongest privacy bill possible.",313,564,6684
71,didjesusdrop,0.0,1.0,0.0,0.0,2022-05-30 15:00:00+00:00,tim_cook,Their memory will not be forgotten. Their legacy is all around us. Thank you to the fallen heroes and their families whose sacrifice forms the bedrock of our society. üá∫üá∏,155,380,4890
72,Kinhdrakk,0.0,0.762,0.238,0.5106,2022-05-19 14:44:51+00:00,tim_cook,"We think deeply about how our products can enrich rather than restrict and connect rather than isolate. Our technology is built intentionally by listening and developing new paths to an accessible, inclusive future for all. #GAAD",485,365,4116
73,elonmusk,0.143,0.82,0.037,-0.6124,2022-05-18 23:24:26+00:00,tim_cook,Privacy is a fundamental right and we build it into all our products and services at Apple. You should be in control of your data ‚Äî not the highest bidder. https://t.co/oON1YRd8vI,286,710,5697
74,funder,0.0,0.839,0.161,0.3182,2022-05-17 14:00:54+00:00,tim_cook,"At Apple, we design for accessibility from the ground up and we‚Äôre constantly innovating on behalf of our users. The cutting-edge features we are sharing today will offer new ways for people with disabilities to navigate, connect, and so much more. https://t.co/Zrhcng95QA",286,686,4907
75,benedictevans,0.0,1.0,0.0,0.0,2022-05-15 18:11:50+00:00,r0unak,Google hired its own Tim Cook https://t.co/ybymo7tm5h,112,266,3649
76,Kantrowitz,0.0,0.835,0.165,0.4536,2022-05-13 15:27:53+00:00,MorePerfectUS,"NEW: Apple Store workers in Maryland are attempting to form the company‚Äôs first US union.

While CEO Tim Cook made $98 million last year, workers face threats from customers and are barely scraping by.

‚ÄúThere‚Äôs a revolution coming and it‚Äôs gonna be one retail store at a time.‚Äù https://t.co/6BTWXfgby2",56,3981,9177
77,ThisIsNoahEvans,0.121,0.737,0.142,0.1027,2022-05-08 14:34:11+00:00,tim_cook,"Today we honor and celebrate mothers everywhere ‚Äî moms with us, moms we miss, and the people who stepped into the role many times over ‚Äì thank you for believing in us, inspiring us, and helping us realize our dreams. Happy Mother's Day!",419,699,8518
78,JuddLegum,0.059,0.725,0.216,0.7184,2022-05-04 00:49:40+00:00,PalmerReport,"JD Vance has won the Republican nomination for Ohio Senate, per Cook Political Report. Trump will try to take credit for this. But Vance just barely won; Trump's endorsement apparently wasn't worth much. Democrat Tim Ryan will face Vance in November. Tim Ryan can definitely win!",118,887,4187
79,verge,0.227,0.773,0.0,-0.5719,2022-05-02 14:11:37+00:00,KylaInTheBurgh,"Trump called JD Vance ""JP Mandell"".
Apple CEO Tim Cook was ""Tim Apple"".
Matt Gaetz is ""Rick Gates"".
Kevin McCarthy is always ""Steve"".
Paul was ""Ron Ryan"".
""Mike"" Bolton was his National Security Advisor.
He also had dinner with ""Jim"" Perry.

..but Joe Biden, right?
#DementiaDon",89,683,2016
80,OccupyDemocrats,0.126,0.781,0.092,0.0836,2022-05-01 23:11:44+00:00,tim_cook,Eid Mubarak to everyone celebrating around the world! Wishing you a joyous and peaceful holiday connecting with family and friends.,1495,6767,68990
81,RepSwalwell,0.0,0.675,0.325,0.9182,2022-04-28 21:32:02+00:00,EWErickson,My 16yo drew this picture of her best friend on an iPad with an @apple pencil. The judges almost disqualified it because they thought it was a photo with a filter applied. But it is hand drawn with the pencil. Cc: @tim_cook https://t.co/IFRJdsHrgi,252,132,4715
82,MikeSington,0.069,0.931,0.0,-0.1027,2022-04-26 17:30:05+00:00,Public_Citizen,"Do not trust Elon Musk.

Do not trust Jeff Bezos.

Do not trust Mark Zuckerberg.

Do not trust Tim Cook.

Do not trust Sundar Pichai. 

Do not trust Satya Nadella.

Regulate them. Break up Big Tech. Hold them accountable.",803,3027,16565
83,apple_pochinki,0.0,1.0,0.0,0.0,2022-04-26 13:28:46+00:00,ighaworth,"If you‚Äôre leaving Twitter because of a billionaire, you might want to consider:
‚ùå Facebook &amp; Instagram (Mark Zuckerberg)
‚ùå Amazon &amp; WaPo (Jeff Bezos)
‚ùå Apple (Tim Cook)
‚ùå AirBnb (Brian Chesky)
‚ùå Netflix (Reed Hastings)
‚ùå Walmart (Walton family)
‚ùå Nike (Phil Knight)",176,1192,6797
84,adriyoung,0.0,1.0,0.0,0.0,2022-04-23 01:25:04+00:00,tim_cook,Daisy's been hard at work. ü¶æ https://t.co/76HJoS51i4,213,440,4271
85,iamhacker,0.0,1.0,0.0,0.0,2022-04-22 18:57:00+00:00,tim_cook,"Protecting the environment is a huge responsibility that we consider in everything we do. Teams across the company are meeting the moment with commitment and clarity of purpose. In honor of #EarthDay, here's how we‚Äôre working toward a greener future. https://t.co/iIHRXEwpfA",267,509,4770
86,Smoked2Much,0.0,1.0,0.0,0.0,2022-04-22 17:30:00+00:00,kylegriffin1,"CREW letter to Apple CEO Tim Cook: Trump's social platform, Truth Social, should be removed from Apple's App Store as it provides him and his allies an opportunity to continue their attacks on democracy and promotion of violent extremism.",402,1247,6135
87,barstoolsports,0.0,0.837,0.163,0.5423,2022-04-21 18:15:07+00:00,tim_cook,Hiking is one of my favorite ways to clear my mind. The trails in @YosemiteNPS are some of the best. Thanks to @tiffpenguin for this amazing #ShotOniPhone photo for #NationalParkWeek! https://t.co/bmKMlTWxPX,272,612,11045
88,Snowden,0.038,0.962,0.0,-0.1027,2022-04-17 13:51:15+00:00,tim_cook,"Wishing a Happy Easter to all those celebrating! May today remind us of the power of renewal, kindness, and our shared humanity. üå∑",370,725,10998
89,WholeMarsBlog,0.06,0.94,0.0,-0.3818,2022-04-16 16:32:51+00:00,tim_cook,"Thanks so much Molly, I‚Äôd be honored! See you there! ü¶¨ https://t.co/eSmy1uyFu7",119,364,4347
90,RosaVillacastin,0.053,0.889,0.058,0.0516,2022-04-16 13:28:08+00:00,ianzelbo,Tim Cook at Coachella vibing to harry styles‚Ä¶ why is seeing him have a personal life so disturbing ü´† https://t.co/57xBdK9XMi,104,392,6266
91,technology,0.0,1.0,0.0,0.0,2022-04-15 21:48:56+00:00,tim_cook,I hope your seder table is full and conversations are meaningful tonight. Chag Pesach Sameach to all celebrating the story of Passover! üç∑ü´ì,175,292,4771
92,sanchezcastejon,0.052,0.948,0.0,-0.296,2022-04-13 16:32:08+00:00,tim_cook,Such stunning macro photography from the #ShotOniPhone Challenge! Here's a look at a couple of the winning shots from Trevor and Tom. Your photos give us a beautiful glimpse of life up close. https://t.co/cc4Pnr3KRp https://t.co/GXQJHSb8V5,178,345,4078
93,iDeviceHelpus,0.0,0.572,0.428,0.7177,2022-04-12 18:05:16+00:00,matthewstoller,"1. Here's Apple CEO Tim Cook today arguing that antitrust laws against big tech are bad for privacy and bad for national security. In honor of his speech, I thought I'd do a little thread on just how bad these tech firms are for American security. https://t.co/bTdqZ0Sr9d",85,1208,3067
94,Sepidehma,0.0,0.831,0.169,0.6239,2022-04-12 10:24:54+00:00,Carnage4Life,"I‚Äôve seen a bunch of people point out that Elon Musk didn‚Äôt found Tesla which is a strange dig. Tim Cook didn‚Äôt found Apple nor did Satya found Microsoft yet they‚Äôve both had stellar runs as CEO.

Musk became CEO in 2008, Tesla‚Äôs entire massive run has happened on his watch.",67,156,2061
95,sekkai,0.0,1.0,0.0,0.0,2022-04-09 23:05:36+00:00,tim_cook,We‚Äôre thrilled to have you! I know fans will be excited for the Today at Apple Remix sessions. https://t.co/DPxcPvo0mC,582,10324,27503
96,BFMTV,0.0,1.0,0.0,0.0,2022-04-09 03:02:34+00:00,tim_cook,"Î∞òÍ∞ÄÏõåÏöî, ÏÑúÏö∏! üá∞üá∑ Apple Myeongdong opened its doors as our newest store in the heart of Korea. We're thrilled to further support our Korean customers in a space as unique and vibrant as the community it serves. https://t.co/aVSZd5GZjz",300,1144,7379
97,GuillaumeRozier,0.0,0.589,0.411,0.9474,2022-04-08 16:24:50+00:00,heydannymiranda,"Imagine this‚Ä¶

You walk into a gym at 5 AM.

Apple CEO Tim Cook is there.",48,152,2937
98,tedcruz,0.095,0.905,0.0,-0.5719,2022-04-08 14:21:48+00:00,mmpadellan,Tim Scott is not invited to the cook out.,283,457,5861
99,Malala,0.0,0.647,0.353,0.9517,2022-04-04 05:15:09+00:00,vladsavov,I miss Jony Ive explaining Apple products to Tim Cook. https://t.co/x59dEAo0Sw,91,182,4380
100,tomwarren,0.0,1.0,0.0,0.0,2022-04-02 20:19:40+00:00,tim_cook,"From the age of six, Anthony has expressed his love for photography. He now shares his larger-than-life iPhone images of model cars with fans around the world and his creativity really shines through! #ShotOniPhone #AutismAcceptanceMonth üì∏ IG: anthony_ryan_schmidt https://t.co/kJTcGhvB6A",271,877,9858
101,SamiFathi_,0.0,0.923,0.077,0.128,2022-04-02 13:25:53+00:00,yippeekiyay_dk,"Apple CEO Tim Cook wished everyone for Ramadan but didn‚Äôt tweet about Navaratri. 

Expecting andhbhakts to boycott Apple and eat only Oranges during Navaratri.",71,696,5556
102,adamhlavac,0.0,1.0,0.0,0.0,2022-04-02 02:11:30+00:00,RichardGrenell,Tim Cook is taking a stand against parents in Florida - but standing with the 60+ countries that criminalize homosexuality. @Apple,246,2607,10314
103,yvanr02,0.0,1.0,0.0,0.0,2022-04-02 00:20:17+00:00,tim_cook,"Ramadan Mubarak üåô ¬†to those observing with their family, friends, and community. Wishing you peace and joy as this Holy Month begins.",659,6093,37873
104,christinedobby,0.043,0.922,0.035,-0.0772,2022-04-01 12:20:21+00:00,JoJoFromJerz,"Dear Republicans,

Your ‚Äútook over the airports &amp; rammed the ramparts‚Äù moron called Yosemite ‚ÄúYo-Semite‚Äù, referred to 9/11 as ‚Äú7-11‚Äù, pronounced Thailand as ‚ÄúThigh-land‚Äù and called Tim Cook ‚ÄúTim Apple‚Äù, and you said nothing.

So I don‚Äôt wanna hear squat about Biden‚Äôs ‚Äúgaffes‚Äù.",207,1348,8320
105,waltmossberg,0.096,0.652,0.253,0.8271,2022-03-31 14:03:22+00:00,tim_cook,"Today, we celebrate trans and gender non-conforming people and honor your contributions to the world. You deserve the opportunity to live your life true to yourself, and we are proud to support you. #TransDayOfVisibility https://t.co/8RCGvNABOo",181,545,4344
106,hashtagsubtext,0.0,0.584,0.416,0.6901,2022-03-28 05:01:22+00:00,tim_cook,"Team CODA created a profoundly beautiful movie, a story of hope and heart that celebrates our differences. Congratulations to the producers, @SianHeder, @TroyKotsur, @MarleeMatlin, @EmiliaJonesy, @DanielNDurant, @EugenioDerbez, and all involved in these historic wins! #CODAfilm https://t.co/s9ebnPaYl1",320,1638,13762
107,axios,0.0,0.903,0.097,0.4588,2022-03-28 04:17:24+00:00,CarlosLoret,"@EugenioDerbez @tim_cook @AppleTVPlus @cue Grande, Eugenio. ¬°Felicidades por ese Oscar a mejor pel√≠cula!",227,628,7333
108,perlmutations,0.163,0.735,0.102,-0.4588,2022-03-27 22:07:47+00:00,Beccamford,Tim Cook is here. Would be a major win for Apple if Coda wins. #Oscars https://t.co/OaXIvpYgBE,30,160,3320
109,PeterMcCormack,0.0,1.0,0.0,0.0,2022-03-25 23:31:19+00:00,tim_cook,"Forty high school students from Tamil Nadu, India captured the vibrance of their communities on iPhone 13 mini. Now their work is featured in the student showcase at the historic Egmore Museum for the Chennai Photo Biennale. #ShotOniPhone https://t.co/t0DhNYWGvm https://t.co/I30DTwZkbT",310,2317,19057
110,LewLater,0.0,1.0,0.0,0.0,2022-03-25 21:07:25+00:00,MKBHD,"Your move, Tim Cook https://t.co/Ziy3tRIRmN",377,1462,21655
111,Amy_Siskind,0.219,0.781,0.0,-0.7973,2022-03-24 17:32:13+00:00,tim_cook,"At Apple, we know how important it is to build and maintain a culture where everyone belongs. We‚Äôre proud of the progress we‚Äôve made to create a more inclusive workforce and are committed to doing more. https://t.co/rcltKNWLnC",222,411,4107
112,CNN,0.0,1.0,0.0,0.0,2022-03-24 01:17:45+00:00,tim_cook,"Today we introduced driver‚Äôs license and state ID in Wallet for the first time. Now available for Arizona residents, we‚Äôre looking forward to bringing this easy, private, and secure feature to more states soon. https://t.co/rEMYlyIZwZ",465,705,6522
113,ggreenwald,0.154,0.734,0.112,-0.3107,2022-03-22 00:35:24+00:00,MKBHD,@LinusTech Delete this before Tim Cook sees it,60,94,11466
114,nycsouthpaw,0.132,0.778,0.09,-0.1779,2022-03-18 02:38:05+00:00,tim_cook,Wishing everyone celebrating Holi a vibrant beginning to spring. Here‚Äôs to spreading the joy of color with these beautiful images #ShotOniPhone13ProMax by @coffeekarma and @rohit_apf. https://t.co/bMx9K1McE2,281,774,8984
115,CathieDWood,0.069,0.818,0.113,0.34,2022-03-15 10:45:05+00:00,Tananai5,Non ho ancora scaricato l‚Äôaggiornamento dell‚Äôiphone ma se mi cambiano l‚Äôemoji della ü¶¶ vado da Tim Cook e facciamo un bel discorso maturo in cui non parlo ma sono seduto davanti a lui vestito da Samurai,152,313,7118
116,RealCandaceO,0.31,0.649,0.041,-0.9395,2022-03-12 21:20:57+00:00,tim_cook,Celebrating incredible writer/director @sianheder and the amazingly talented @marleematlin as #CODAFilm was honored at #AFIAwards. #WomensHistoryMonth https://t.co/x9lcDL1B4S,221,252,4060
117,Mrs__Meaty,0.12,0.88,0.0,-0.5267,2022-03-12 02:21:56+00:00,tim_cook,"As the east coast of Australia contends with the impact of historic flooding on a devastating scale, our hearts go out to everyone affected and Apple will be donating to relief efforts.",283,416,6627
118,WhereIsMy_Food,0.0,1.0,0.0,0.0,2022-03-11 01:23:17+00:00,tim_cook,"As a proud member of the LGBTQ+ community, I am deeply concerned about laws being enacted across the country, particularly those focused on our vulnerable youth. I stand with them and the families, loved ones, and allies who support them.",959,2897,29036
119,thevirdas,0.064,0.696,0.24,0.7783,2022-03-08 19:14:53+00:00,tim_cook,We‚Äôre bringing Mac users an entirely new system with Mac Studio and Studio Display. I can't wait to see the ideas you‚Äôll explore and the magic you'll make. https://t.co/f4wS9LCASO,393,891,7183
120,gailendavid,0.13,0.832,0.039,-0.6908,2022-03-08 18:13:00+00:00,niravmistry,Just realized #TimCook wearing a navy blue sweater + yellow Apple watch band showing solidarity with #UkraineÔ∏è üá∫üá¶ without saying a word. #AppleEvent https://t.co/uR1LYFzOgH,159,606,5963
121,IvankaTrump,0.0,0.776,0.224,0.8963,2022-03-08 18:05:36+00:00,fitotoledano,Tim Cook wearing a yellow Apple Watch band to go with that blue sweater üá∫üá¶ #AppleEvent https://t.co/D1JPERzfMD,64,258,3876
122,lopp,0.143,0.857,0.0,-0.4588,2022-03-08 17:45:00+00:00,tim_cook,"Come take a peek. #AppleEvent ‚§µÔ∏è 
https://t.co/OUTqAbnFDd",323,1657,11869
123,TheEllenShow,0.0,1.0,0.0,0.0,2022-03-08 14:56:22+00:00,tim_cook,"This #InternationalWomensDay we celebrate the women who are charting the course for a more equitable future, and recognize the rising generation of change-makers who follow in their path.",218,660,6310
124,branttom,0.0,1.0,0.0,0.0,2022-03-06 17:15:42+00:00,FedorovMykhailo,"Today eight Russian cruise missiles attacked Vinnytsia, a peaceful city in the very center of Ukraine. @tim_cook @sundarpichai @Apple @Google You can do more for peace ‚Äî block access to @AppStore and @GooglePlay from Russia!",103,1182,3740
125,MacRumors,0.0,1.0,0.0,0.0,2022-03-05 22:53:20+00:00,DukeMBB,"Also attending today's game:

Tim Cook
Adam Silver
Todd Gurley
9th Wonder
Ken Jeong
Dirk Nowitzki
Jerry Seinfeld
Kyler Murray
Nick Nurse
Terrell Owens
Joc Pederson

#CoachK",59,383,3555
126,jon_prosser,0.343,0.657,0.0,-0.6908,2022-03-01 22:11:08+00:00,FedorovMykhailo,"No more @Apple product sales in Russia! 

Now @tim_cook let's finish the job and block @AppStore access in Russia. They kill our children, now kill their access!",351,1677,10687
127,HardDriveMag,0.205,0.795,0.0,-0.4767,2022-02-25 21:48:24+00:00,RBReich,"Apple‚Äôs CEO Tim Cook makes over 1,400 times the average Apple worker.

And worker wages aren‚Äôt keeping pace with inflation.

Now Apple workers in at least eight stores have begun union drives.

You love to see it.",108,600,3404
128,MikeCam,0.0,0.859,0.141,0.2023,2022-02-25 21:48:02+00:00,FedorovMykhailo,"I‚Äôve contacted @tim_cook, Apple's CEO, to block the Apple Store for citizens of the Russian Federation, and to support the package of US government sanctions! If you agree to have the president-killer, then you will have to be satisfied with the only available site Russia 24. https://t.co/b5dm78g2vS",371,1738,8418
129,DarkBrandon2020,0.0,1.0,0.0,0.0,2022-02-25 01:00:06+00:00,tim_cook,"Marking Steve‚Äôs birthday never gets any easier. In these challenging times, I‚Äôm remembering his call for us to use our time wisely, to pursue excellence, and to leave the world better than we found it. Today would have been his 67th birthday.",712,2058,22877
130,cyberomin,0.222,0.674,0.105,-0.8225,2022-02-25 00:26:03+00:00,tim_cook,I am deeply concerned with the situation in Ukraine. We‚Äôre doing all we can for our teams there and will be supporting local humanitarian efforts. I am thinking of the people who are right now in harm‚Äôs way and joining all those calling for peace.,1921,3348,42749
131,Money23Green,0.0,0.897,0.103,0.0964,2022-02-17 18:02:00+00:00,ajplus,"Apple CEO Tim Cook received a $99 million pay package ‚Äî 1,447 times more than an average Apple employee is paid.

Women assembling iPhones at a Foxconn plant in India earn about $140 per month and were forced to sleep on the floor, sometimes up to 30 people per room. https://t.co/DNDcBR1C4T",82,1197,2105
132,RepDougCollins,0.0,0.896,0.104,0.4404,2022-02-14 19:27:17+00:00,tim_cook,Happy Valentine‚Äôs Day from all of us at Apple. ‚ù§Ô∏è https://t.co/zUCNZUkfbg,312,400,4985
133,KidAndTheCity,0.0,1.0,0.0,0.0,2022-02-12 14:26:42+00:00,VibhorChandel,"Tim Cook is best known for being the HEAD of the Most Iconic Company in the World - Apple

But very few know about how he got there.

This is the story of Tim Cook and HOW he managed to became the CEO OF APPLE.

üßµüëá https://t.co/tI2UxnIvKh",175,1535,6861
134,WIRED,0.0,1.0,0.0,0.0,2022-02-09 01:55:28+00:00,tim_cook,"We just introduced Tap to Pay on iPhone, a great way for millions of small businesses to accept contactless payments right from their iPhone. It‚Äôs easy, secure, and will be coming out later this year. https://t.co/w6P6oS7grm",560,1586,9742
135,FaizelPatel143,0.0,0.815,0.185,0.3612,2022-02-08 17:57:00+00:00,tim_cook,We launched @AppleTVPlus two years ago to bring millions of viewers some of the best stories out there. Congrats to the teams behind CODA and The Tragedy of Macbeth for breaking historic records and telling stories that matter!,230,448,5700
136,RonBrownstein,0.105,0.895,0.0,-0.5859,2022-02-08 15:28:21+00:00,Cokedupoptions,Peloton hired a CEO who looks like Tim Cook. This is extremely bullish. https://t.co/zqpR6BweEs,92,109,2920
137,robbystarbuck,0.146,0.713,0.141,-0.3182,2022-02-02 22:24:39+00:00,paulg,"Time for Facebook to get to work on that phone.

Humans, like animals, are most dangerous when threatened. If I were Tim Cook I'd have thought twice before threatening Zuck.",342,138,2237
138,michaelbatnick,0.0,1.0,0.0,0.0,2022-02-01 02:40:25+00:00,tim_cook,Sending wishes of joy to all those celebrating Lunar New Year. May this Year of the Tiger bring you courage and strength. Beautiful #ShotoniPhone photo by¬†Zerry Song. https://t.co/9hge11bJ4w,250,542,6339
139,ComfortablySmug,0.0,0.887,0.113,0.6369,2022-01-30 13:33:46+00:00,werderbremen,"Transparenz-Tweet. Wir bekommen kein Geld, aber Bill Gates hat uns neues Equipment versprochen und Tim Cook meinte wir bekommen neue iPhones. Warum sollte man sowas sonst tun? https://t.co/eWieppcAQU",79,204,3513
140,nytimes,0.0,0.951,0.049,0.1779,2022-01-28 16:29:29+00:00,tim_cook,"We believe privacy is a fundamental human right, and the best technology is one that people can trust. At Apple, we‚Äôre constantly innovating to give our users more control over how their data is used and the choice with whom to share it. #DataPrivacyDay",602,986,9909
141,AustinOnSocial,0.0,1.0,0.0,0.0,2022-01-28 11:10:07+00:00,WatcherGuru,BREAKING: #Apple CEO Tim Cook says that they see a lot of potential in the #metaverse space and are investing accordingly!,464,625,3435
142,HawleyMO,0.0,1.0,0.0,0.0,2022-01-17 17:37:01+00:00,tim_cook,"Dr. King could paint a powerful vision in dark times, reminding us that we could ‚Äúhew out of the mountain of despair a stone of hope.‚Äù May his words continue to inspire us to bind up our nation‚Äôs wounds and protect the civil rights of all who call it home. #MLKDay https://t.co/VVhOnWfc25",183,541,4541
143,TheLeoTerrell,0.09,0.838,0.072,-0.1531,2022-01-14 19:28:12+00:00,tim_cook,"I highly recommend The Tragedy of Macbeth, now streaming on @AppleTV. It‚Äôs a timeless story told in a completely new way. Tour de force performances, stunning photography, and masterful direction. Congrats to all involved! https://t.co/wjqHjBvtjF",207,283,3168
144,itsJeffTiedrich,0.087,0.835,0.077,-0.3626,2022-01-08 15:00:04+00:00,austin_rief,INSANE fact of the day: Apple's market cap has grown $700m PER DAY since Tim Cook became CEO in 2011.,130,385,4912
145,DannyZuker,0.0,0.946,0.054,0.4389,2022-01-07 18:16:02+00:00,tim_cook,"An undeniable presence both on-screen and off, Sidney Poitier inspired generations with his talent, his grace, and his unrelenting commitment to justice and equality. May he rest in peace. https://t.co/yW9dhynruD",278,327,3996
146,Enriquetimporta,0.18,0.82,0.0,-0.4724,2022-01-03 18:52:23+00:00,TrungTPhan,"Tim Cook has been Apple's CEO since Aug. 24, 2011. Over this span, Apple's market cap has jumped from $340B to -- just today -- $3T. 

Despite this massive gain, Cook is only worth $1.5B.

LESSON: You don't get rich being an employee. https://t.co/EjriD19Sj2",839,1216,9467
147,gagadaily,0.0,0.87,0.13,0.34,2022-01-01 14:52:59+00:00,tim_cook,"As we embark on 2022, let us remember that even in the face of great challenges, humanity can achieve profoundly good things. And we will. Be safe, be well, and have a happy new year.",629,1290,15626
148,LuisLacallePou,0.0,1.0,0.0,0.0,2021-12-26 16:10:18+00:00,tim_cook,Archbishop Desmond Tutu was a singular figure whose moral clarity and commitment to justice inspired a nation ‚Äî and the world. His legacy will forever be an example to us all. May he rest in peace.,197,404,16347
149,dhh,0.096,0.904,0.0,-0.6679,2021-12-25 14:05:21+00:00,tim_cook,"Whether you‚Äôre together in person or together in spirit, I hope your Christmas is filled with peace and happiness. This year, I‚Äôm deeply grateful for the gift of human kindness, the miracles of modern medicine, and the strength that sustains us in uncertain times. Happy holidays!",418,1008,14338
150,Cernovich,0.099,0.802,0.099,-0.25,2021-12-25 03:39:41+00:00,wbardesy,"Peter Isherwell character played by Mark Rylance is the ultimate combo of Mark Zuckerberg, Jeff Bezos, Tim Cook &amp; Elon Musk. He represented their ignorance, deception and psychological disorder in a fantastic manner.

#DontLookUp https://t.co/WdU5wzA0ul",278,2792,16203
151,gtconway3d,0.0,1.0,0.0,0.0,2021-12-24 04:47:35+00:00,seketulawan,"Tindakan rakyat yang mendedahkan kemaluan Malaysia kepada Tim Cook, CEO Apple ‚Äî puas hati dengar.
.
Rakyat tidak ada pilihan selain daripada memalukan negara sendiri dek pemimpin yang tidak kompeten dan curang melaksanakan tugas. https://t.co/Ekj3xGBEh5",44,9622,7930
152,CNNPolitics,0.0,1.0,0.0,0.0,2021-12-21 16:24:09+00:00,brgsjks,Please dont send the donations to Malaysia‚Äôs government. You can reach out all the NGOs in Malaysia to send the donation üôèüèª Thank you @Apple @tim_cook,6,4187,3228
153,sundarpichai,0.0,0.816,0.184,0.7964,2021-12-21 15:30:42+00:00,Marchfoward,"Apple mengumumkan akan memberi bantuan kepada Malaysia berikutan bencana banjir ini

Disahkan CEO Apple, Tim Cook

#DaruratBanjir",45,11204,16088
154,GovMikeDeWine,0.0,1.0,0.0,0.0,2021-12-21 12:12:33+00:00,skwagwokisalive,@nabilahariss @tim_cook @arininc Some of us here in the Philippines also do not want the donations to go through our government. Corruption is everywhere üòî,21,1284,5949
155,PopCrave,0.0,0.822,0.178,0.6597,2021-12-21 10:38:05+00:00,atiqahrafain,@tim_cook don't send it to Malaysia's gov because at the moment we don't have a government. we only have the citizen and NGOs that have been working hard since Day-1 the disaster happened.,12,1146,3293
156,chaseicon,0.0,1.0,0.0,0.0,2021-12-21 05:47:37+00:00,nanaaaharris,@tim_cook @arininc Please dont send the donations to Malaysia‚Äôs government. You can reach out all the NGOs in Malaysia to send the donation üôèüèª Thank youuu üôèüèª,121,5181,13838
157,GagaMediaNet,0.0,1.0,0.0,0.0,2021-12-21 04:03:16+00:00,tim_cook,"Typhoon Rai has caused so much devastation in the Philippines and Malaysia ‚Äî so many families have lost so much. Apple will be contributing to relief, recovery, and longer-term rebuilding efforts. #OdettePH",2074,16367,31634
158,FallonTonight,0.0,0.879,0.121,0.296,2021-12-15 21:53:16+00:00,ZoeSchiffer,"BREAKING: Tim Cook just sent out an email delaying Apple‚Äôs return to work to a date ‚Äúyet to be determined.‚Äù He also said the company is giving every corporate employee $1,000 to spend on home office equipment.",80,442,2631
159,RDTLadyGaga,0.0,0.87,0.13,0.4019,2021-12-14 16:47:16+00:00,tim_cook,Congratulations to the Apple Developer Academy graduates in Brazil and Indonesia! We‚Äôre so excited to see what you create and how you will change the world as part of the global iOS app economy. Keep innovating and dreaming big! https://t.co/lBSpIHvjVW,221,409,4809
160,ladygaganownet,0.083,0.769,0.147,0.25,2021-12-11 22:44:30+00:00,tim_cook,Our hearts go out to all those affected by the devastating weather and tornadoes across the South and Midwest. Apple will be donating to support relief efforts on the ground.,267,472,6610
161,internetofshit,0.0,1.0,0.0,0.0,2021-12-08 01:30:02+00:00,TheOnion,Tim Cook Unveils Rows Of Artificial Wombs After Announcing Apple Will Begin Manufacturing Own Employees In House https://t.co/94iN4G0eWf https://t.co/hWbtkkxgGS,74,334,3420
